{"cameraMode":{"drawMode":0,"name":"Shaded","section":"Shading Mode"},"sceneLighting":false,"audioPlay":false,"sceneViewState":{"showFog":false,"showMaterialUpdate":false,"showSkybox":false,"showFlares":false,"showImageEffects":false,"showParticleSystems":false},"in2DMode":false,"pivot":{"x":0.2820281982421875,"y":1.5510001182556153,"z":0.3953132629394531},"rotation":{"x":0.03384950011968613,"y":0.8878418803215027,"z":-0.06617514789104462,"w":0.45412153005599978},"size":3.1739420890808107,"orthographic":true}