{"cameraMode":{"drawMode":0,"name":"Shaded","section":"Shading Mode"},"sceneLighting":true,"audioPlay":false,"sceneViewState":{"showFog":false,"showMaterialUpdate":false,"showSkybox":false,"showFlares":false,"showImageEffects":false,"showParticleSystems":false},"in2DMode":false,"pivot":{"x":0.20715105533599854,"y":1.6580580472946168,"z":0.5987052917480469},"rotation":{"x":0.0010475042508915067,"y":-0.9949616193771362,"z":0.010447569191455841,"w":0.09972714632749558},"size":5.164784908294678,"orthographic":false}