{"cameraMode":{"drawMode":0,"name":"Shaded","section":"Shading Mode"},"sceneLighting":false,"audioPlay":false,"sceneViewState":{"showFog":false,"showMaterialUpdate":false,"showSkybox":false,"showFlares":false,"showImageEffects":false,"showParticleSystems":false},"in2DMode":false,"pivot":{"x":0.2820281982421875,"y":1.5510001182556153,"z":0.3953132629394531},"rotation":{"x":0.105489581823349,"y":0.4611324667930603,"z":-0.05532055348157883,"w":0.8793043494224548},"size":3.1739420890808107,"orthographic":true}