{"cameraMode":{"drawMode":0,"name":"Shaded","section":"Shading Mode"},"sceneLighting":false,"audioPlay":false,"sceneViewState":{"showFog":false,"showMaterialUpdate":false,"showSkybox":false,"showFlares":false,"showImageEffects":false,"showParticleSystems":false},"in2DMode":false,"pivot":{"x":0.14794921875,"y":-0.3509521484375,"z":0.46441650390625},"rotation":{"x":0.07569795101881027,"y":0.5369467735290527,"z":-0.0484565831720829,"w":0.8388220071792603},"size":2.1272830963134767,"orthographic":true}