{"cameraMode":{"drawMode":0,"name":"Shaded","section":"Shading Mode"},"sceneLighting":true,"audioPlay":false,"sceneViewState":{"showFog":false,"showMaterialUpdate":false,"showSkybox":false,"showFlares":false,"showImageEffects":false,"showParticleSystems":false},"in2DMode":false,"pivot":{"x":-1.04833984375,"y":1.4459458589553834,"z":0.838839054107666},"rotation":{"x":0.005236877128481865,"y":-0.9216028451919556,"z":0.01244240254163742,"w":0.3879089653491974},"size":3.4980626106262209,"orthographic":true}