{"cameraMode":{"drawMode":0,"name":"Shaded","section":"Shading Mode"},"sceneLighting":false,"audioPlay":false,"sceneViewState":{"showFog":false,"showMaterialUpdate":false,"showSkybox":false,"showFlares":false,"showImageEffects":false,"showParticleSystems":false},"in2DMode":false,"pivot":{"x":0.5939717888832092,"y":-0.4703819453716278,"z":1.554999828338623},"rotation":{"x":0.15575307607650758,"y":-0.6299978494644165,"z":0.1309213787317276,"w":0.7494782209396362},"size":2.448075532913208,"orthographic":true}