{"cameraMode":{"drawMode":0,"name":"Shaded","section":"Shading Mode"},"sceneLighting":true,"audioPlay":false,"sceneViewState":{"showFog":false,"showMaterialUpdate":false,"showSkybox":false,"showFlares":false,"showImageEffects":false,"showParticleSystems":false},"in2DMode":false,"pivot":{"x":12.092041015625,"y":-8.083189964294434,"z":-17.4467716217041},"rotation":{"x":0.08392035216093064,"y":0.9149900674819946,"z":-0.2547115087509155,"w":0.3014904260635376},"size":34.11274719238281,"orthographic":false}