{"cameraMode":{"drawMode":0,"name":"Shaded","section":"Shading Mode"},"sceneLighting":false,"audioPlay":false,"sceneViewState":{"showFog":false,"showMaterialUpdate":false,"showSkybox":false,"showFlares":false,"showImageEffects":false,"showParticleSystems":false},"in2DMode":false,"pivot":{"x":0.24663150310516358,"y":-0.22509765625,"z":0.6474094390869141},"rotation":{"x":0.07255080342292786,"y":0.7982904314994812,"z":-0.0981997475028038,"w":0.5897783637046814},"size":3.4996979236602785,"orthographic":true}