{"cameraMode":{"drawMode":0,"name":"Shaded","section":"Shading Mode"},"sceneLighting":true,"audioPlay":false,"sceneViewState":{"showFog":false,"showMaterialUpdate":false,"showSkybox":false,"showFlares":false,"showImageEffects":false,"showParticleSystems":false},"in2DMode":false,"pivot":{"x":742.2836303710938,"y":375.58074951171877,"z":0.0},"rotation":{"x":0.0029998300597071649,"y":-0.010499759577214718,"z":0.00003149937401758507,"w":0.9999403357505798},"size":1882.7677001953125,"orthographic":true}