{"cameraMode":{"drawMode":0,"name":"Shaded","section":"Shading Mode"},"sceneLighting":false,"audioPlay":false,"sceneViewState":{"showFog":false,"showMaterialUpdate":false,"showSkybox":false,"showFlares":false,"showImageEffects":false,"showParticleSystems":false},"in2DMode":false,"pivot":{"x":-0.012686336413025856,"y":-0.07303300499916077,"z":0.09800863265991211},"rotation":{"x":-0.08818768709897995,"y":0.7982578277587891,"z":-0.12064418941736222,"w":-0.5834945440292358},"size":2.113424777984619,"orthographic":true}