{"cameraMode":{"drawMode":0,"name":"Shaded","section":"Shading Mode"},"sceneLighting":true,"audioPlay":false,"sceneViewState":{"showFog":false,"showMaterialUpdate":false,"showSkybox":false,"showFlares":false,"showImageEffects":false,"showParticleSystems":false},"in2DMode":false,"pivot":{"x":40.8902587890625,"y":2.5032958984375,"z":-15.12451171875},"rotation":{"x":0.023252271115779878,"y":-0.9598901867866516,"z":0.08372174203395844,"w":0.2665851414203644},"size":2.53786563873291,"orthographic":true}