{"cameraMode":{"drawMode":0,"name":"Shaded","section":"Shading Mode"},"sceneLighting":false,"audioPlay":false,"sceneViewState":{"showFog":false,"showMaterialUpdate":false,"showSkybox":false,"showFlares":false,"showImageEffects":false,"showParticleSystems":false},"in2DMode":false,"pivot":{"x":0.5939717888832092,"y":-0.41008782386779787,"z":1.2056866884231568},"rotation":{"x":0.005236877128481865,"y":-0.9216028451919556,"z":0.01244240254163742,"w":0.3879089653491974},"size":1.357896089553833,"orthographic":true}