{"cameraMode":{"drawMode":0,"name":"Shaded","section":"Shading Mode"},"sceneLighting":false,"audioPlay":false,"sceneViewState":{"showFog":false,"showMaterialUpdate":false,"showSkybox":false,"showFlares":false,"showImageEffects":false,"showParticleSystems":false},"in2DMode":false,"pivot":{"x":0.279052734375,"y":1.690887451171875,"z":0.2119140625},"rotation":{"x":-0.000027274139938526787,"y":-0.993771493434906,"z":-0.00000325393739331048,"w":-0.11197838187217713},"size":2.4109368324279787,"orthographic":true}