{"cameraMode":{"drawMode":0,"name":"Shaded","section":"Shading Mode"},"sceneLighting":false,"audioPlay":false,"sceneViewState":{"showFog":false,"showMaterialUpdate":false,"showSkybox":false,"showFlares":false,"showImageEffects":false,"showParticleSystems":false},"in2DMode":false,"pivot":{"x":0.188794806599617,"y":1.360751986503601,"z":0.318359375},"rotation":{"x":0.022493114694952966,"y":0.020992597565054895,"z":-0.00047507003182545304,"w":0.9995399713516235},"size":3.687657594680786,"orthographic":true}