{"cameraMode":{"drawMode":0,"name":"Shaded","section":"Shading Mode"},"sceneLighting":false,"audioPlay":false,"sceneViewState":{"showFog":false,"showMaterialUpdate":false,"showSkybox":false,"showFlares":false,"showImageEffects":false,"showParticleSystems":false},"in2DMode":false,"pivot":{"x":0.2820281982421875,"y":1.4700000286102296,"z":0.3953132629394531},"rotation":{"x":0.09584319591522217,"y":0.014036467298865319,"z":-0.00135155045427382,"w":0.9952975511550903},"size":4.041658401489258,"orthographic":true}