{"cameraMode":{"drawMode":0,"name":"Shaded","section":"Shading Mode"},"sceneLighting":false,"audioPlay":false,"sceneViewState":{"showFog":false,"showMaterialUpdate":false,"showSkybox":false,"showFlares":false,"showImageEffects":false,"showParticleSystems":false},"in2DMode":false,"pivot":{"x":0.35546875,"y":-0.33740234375,"z":1.7554779052734376},"rotation":{"x":0.29764053225517275,"y":0.681446373462677,"z":-0.35999324917793276,"w":0.5634608268737793},"size":3.2358217239379885,"orthographic":true}