{"cameraMode":{"drawMode":0,"name":"Shaded","section":"Shading Mode"},"sceneLighting":false,"audioPlay":false,"sceneViewState":{"showFog":false,"showMaterialUpdate":false,"showSkybox":false,"showFlares":false,"showImageEffects":false,"showParticleSystems":false},"in2DMode":false,"pivot":{"x":0.403564453125,"y":-0.2816123962402344,"z":0.99346923828125},"rotation":{"x":-0.006106712389737368,"y":0.5806129574775696,"z":0.004354225471615791,"w":0.8141475915908814},"size":3.2878706455230715,"orthographic":true}