{"cameraMode":{"drawMode":0,"name":"Shaded","section":"Shading Mode"},"sceneLighting":false,"audioPlay":false,"sceneViewState":{"showFog":false,"showMaterialUpdate":false,"showSkybox":false,"showFlares":false,"showImageEffects":false,"showParticleSystems":false},"in2DMode":false,"pivot":{"x":0.2820281982421875,"y":1.4700000286102296,"z":0.3953132629394531},"rotation":{"x":0.1812066286802292,"y":0.19620618224143983,"z":-0.03692067041993141,"w":0.9629671573638916},"size":5.999504566192627,"orthographic":true}