{"cameraMode":{"drawMode":0,"name":"Shaded","section":"Shading Mode"},"sceneLighting":true,"audioPlay":false,"sceneViewState":{"showFog":false,"showMaterialUpdate":false,"showSkybox":false,"showFlares":false,"showImageEffects":false,"showParticleSystems":false},"in2DMode":false,"pivot":{"x":-62.815032958984378,"y":4.4430131912231449,"z":62.600929260253909},"rotation":{"x":-0.07803556323051453,"y":-0.40463492274284365,"z":0.03468574956059456,"w":-0.9105072617530823},"size":8.365530967712403,"orthographic":true}