{"cameraMode":{"drawMode":0,"name":"Shaded","section":"Shading Mode"},"sceneLighting":false,"audioPlay":false,"sceneViewState":{"showFog":false,"showMaterialUpdate":false,"showSkybox":false,"showFlares":false,"showImageEffects":false,"showParticleSystems":false},"in2DMode":false,"pivot":{"x":0.188794806599617,"y":1.360751986503601,"z":0.318359375},"rotation":{"x":0.005731769371777773,"y":0.9740857481956482,"z":-0.02484467439353466,"w":0.22478723526000977},"size":2.854790687561035,"orthographic":true}