{"cameraMode":{"drawMode":0,"name":"Shaded","section":"Shading Mode"},"sceneLighting":false,"audioPlay":false,"sceneViewState":{"showFog":false,"showMaterialUpdate":false,"showSkybox":false,"showFlares":false,"showImageEffects":false,"showParticleSystems":false},"in2DMode":false,"pivot":{"x":0.2820281982421875,"y":1.4700000286102296,"z":0.3953132629394531},"rotation":{"x":0.14657241106033326,"y":-0.8111335039138794,"z":0.22973671555519105,"w":0.5175081491470337},"size":4.041658401489258,"orthographic":true}