{"cameraMode":{"drawMode":0,"name":"Shaded","section":"Shading Mode"},"sceneLighting":false,"audioPlay":false,"sceneViewState":{"showFog":false,"showMaterialUpdate":false,"showSkybox":false,"showFlares":false,"showImageEffects":false,"showParticleSystems":false},"in2DMode":false,"pivot":{"x":521.7498779296875,"y":297.22235107421877,"z":0.0},"rotation":{"x":-0.04497186839580536,"y":-0.023973407223820688,"z":-0.0010795323178172112,"w":0.9987000823020935},"size":789.7261352539063,"orthographic":true}