{"cameraMode":{"drawMode":0,"name":"Shaded","section":"Shading Mode"},"sceneLighting":false,"audioPlay":false,"sceneViewState":{"showFog":false,"showMaterialUpdate":false,"showSkybox":false,"showFlares":false,"showImageEffects":false,"showParticleSystems":false},"in2DMode":false,"pivot":{"x":-0.193115234375,"y":-0.724609375,"z":1.034423828125},"rotation":{"x":0.23685108125209809,"y":-0.4681394398212433,"z":0.13183355331420899,"w":0.8410664200782776},"size":2.4054739475250246,"orthographic":true}