{"cameraMode":{"drawMode":0,"name":"Shaded","section":"Shading Mode"},"sceneLighting":false,"audioPlay":false,"sceneViewState":{"showFog":false,"showMaterialUpdate":false,"showSkybox":false,"showFlares":false,"showImageEffects":false,"showParticleSystems":false},"in2DMode":false,"pivot":{"x":0.010986328125,"y":-0.219970703125,"z":0.639404296875},"rotation":{"x":0.1990106999874115,"y":0.3564598560333252,"z":-0.07797681540250778,"w":0.9095616340637207},"size":1.6752688884735108,"orthographic":true}